Timestamp,PWM,Estimated RPM
2025-07-10 13:06:18,0,0
2025-07-10 13:06:18,0,0
2025-07-10 13:06:18,0,0
2025-07-10 13:06:18,0,0
2025-07-10 13:06:18,0,0
2025-07-10 13:06:18,0,0
2025-07-10 13:06:18,0,0
2025-07-10 13:06:18,0,0
2025-07-10 13:06:18,0,0
2025-07-10 13:06:18,0,0
2025-07-10 13:06:18,0,0
2025-07-10 13:06:18,0,0
2025-07-10 13:06:18,0,0
2025-07-10 13:06:18,0,0
2025-07-10 13:06:18,0,0
2025-07-10 13:06:18,0,0
2025-07-10 13:06:18,0,0
2025-07-10 13:06:19,0,0
2025-07-10 13:06:19,0,0
2025-07-10 13:06:19,0,0
2025-07-10 13:06:19,0,0
2025-07-10 13:06:19,0,0
2025-07-10 13:06:19,0,0
2025-07-10 13:06:19,0,0
2025-07-10 13:06:19,0,0
2025-07-10 13:06:19,0,0
2025-07-10 13:06:19,0,0
2025-07-10 13:06:20,0,0
2025-07-10 13:06:20,0,0
2025-07-10 13:06:20,0,0
2025-07-10 13:06:20,0,0
2025-07-10 13:06:20,0,0
2025-07-10 13:06:20,0,0
2025-07-10 13:06:20,0,0
2025-07-10 13:06:20,0,0
2025-07-10 13:06:20,0,0
2025-07-10 13:06:20,0,0
2025-07-10 13:06:21,0,0
2025-07-10 13:06:21,0,0
2025-07-10 13:06:21,0,0
2025-07-10 13:06:21,0,0
2025-07-10 13:06:21,0,0
2025-07-10 13:06:21,0,0
2025-07-10 13:06:21,0,0
2025-07-10 13:06:21,0,0
2025-07-10 13:06:21,0,0
2025-07-10 13:06:21,0,0
2025-07-10 13:06:22,0,0
2025-07-10 13:06:22,0,0
2025-07-10 13:06:22,0,0
2025-07-10 13:06:22,0,0
2025-07-10 13:06:22,0,0
2025-07-10 13:06:22,0,0
2025-07-10 13:06:22,0,0
2025-07-10 13:06:22,2,54
2025-07-10 13:06:22,11,301
2025-07-10 13:06:22,19,521
2025-07-10 13:06:23,26,713
2025-07-10 13:06:23,31,850
2025-07-10 13:06:23,35,960
2025-07-10 13:06:23,38,1043
2025-07-10 13:06:23,42,1152
2025-07-10 13:06:23,44,1207
2025-07-10 13:06:23,49,1345
2025-07-10 13:06:23,52,1427
2025-07-10 13:06:23,57,1564
2025-07-10 13:06:24,63,1729
2025-07-10 13:06:24,69,1894
2025-07-10 13:06:24,75,2058
2025-07-10 13:06:24,81,2223
2025-07-10 13:06:24,86,2360
2025-07-10 13:06:24,90,2470
2025-07-10 13:06:24,93,2552
2025-07-10 13:06:24,98,2690
2025-07-10 13:06:24,100,2745
2025-07-10 13:06:24,103,2827
2025-07-10 13:06:25,106,2909
2025-07-10 13:06:25,110,3019
2025-07-10 13:06:25,112,3074
2025-07-10 13:06:25,114,3129
2025-07-10 13:06:25,115,3156
2025-07-10 13:06:25,115,3156
2025-07-10 13:06:25,115,3156
2025-07-10 13:06:25,115,3156
2025-07-10 13:06:25,115,3156
2025-07-10 13:06:25,115,3156
2025-07-10 13:06:26,115,3156
2025-07-10 13:06:26,115,3156
2025-07-10 13:06:26,115,3156
2025-07-10 13:06:26,115,3156
2025-07-10 13:06:26,115,3156
2025-07-10 13:06:26,115,3156
2025-07-10 13:06:26,115,3156
2025-07-10 13:06:26,115,3156
2025-07-10 13:06:26,115,3156
2025-07-10 13:06:26,115,3156
2025-07-10 13:06:27,115,3156
2025-07-10 13:06:27,115,3156
2025-07-10 13:06:27,115,3156
2025-07-10 13:06:27,115,3156
2025-07-10 13:06:27,115,3156
2025-07-10 13:06:27,115,3156
2025-07-10 13:06:27,115,3156
2025-07-10 13:06:27,115,3156
2025-07-10 13:06:27,115,3156
2025-07-10 13:06:27,115,3156
2025-07-10 13:06:28,115,3156
2025-07-10 13:06:28,115,3156
2025-07-10 13:06:28,115,3156
2025-07-10 13:06:28,115,3156
2025-07-10 13:06:28,115,3156
2025-07-10 13:06:28,115,3156
2025-07-10 13:06:28,115,3156
2025-07-10 13:06:28,115,3156
2025-07-10 13:06:28,115,3156
2025-07-10 13:06:28,115,3156
2025-07-10 13:06:29,115,3156
2025-07-10 13:06:29,101,2772
2025-07-10 13:06:29,61,1674
2025-07-10 13:06:29,11,301
2025-07-10 13:06:29,0,0
2025-07-10 13:06:29,0,0
2025-07-10 13:06:29,0,0
2025-07-10 13:06:29,0,0
2025-07-10 13:06:29,0,0
2025-07-10 13:06:29,0,0
2025-07-10 13:06:30,0,0
2025-07-10 13:06:30,0,0
2025-07-10 13:06:30,0,0
2025-07-10 13:06:30,0,0
2025-07-10 13:06:30,0,0
2025-07-10 13:06:30,0,0
2025-07-10 13:06:30,0,0
2025-07-10 13:06:30,0,0
2025-07-10 13:06:30,0,0
2025-07-10 13:06:30,0,0
2025-07-10 13:06:31,0,0
2025-07-10 13:06:31,0,0
2025-07-10 13:06:31,0,0
2025-07-10 13:06:31,0,0
2025-07-10 13:06:31,0,0
2025-07-10 13:06:31,0,0
2025-07-10 13:06:31,0,0
2025-07-10 13:06:31,0,0
2025-07-10 13:06:31,0,0
2025-07-10 13:06:31,0,0
2025-07-10 13:06:32,0,0
2025-07-10 13:06:32,0,0
2025-07-10 13:06:32,0,0
2025-07-10 13:06:32,0,0
2025-07-10 13:06:32,0,0
2025-07-10 13:06:32,0,0
2025-07-10 13:06:32,0,0
2025-07-10 13:06:32,0,0
2025-07-10 13:06:32,0,0
2025-07-10 13:06:32,0,0
2025-07-10 13:06:33,0,0
2025-07-10 13:06:33,0,0
2025-07-10 13:06:33,0,0
2025-07-10 13:06:33,0,0
2025-07-10 13:06:33,0,0
2025-07-10 13:06:33,0,0
2025-07-10 13:06:33,0,0
2025-07-10 13:06:33,0,0
2025-07-10 13:06:33,0,0
2025-07-10 13:06:33,0,0
2025-07-10 13:06:34,0,0
2025-07-10 13:06:34,0,0
2025-07-10 13:06:34,0,0
2025-07-10 13:06:34,0,0
2025-07-10 13:06:34,0,0
2025-07-10 13:06:34,0,0
2025-07-10 13:06:34,0,0
2025-07-10 13:06:34,0,0
2025-07-10 13:06:34,0,0
2025-07-10 13:06:34,0,0
2025-07-10 13:06:35,0,0
2025-07-10 13:06:35,0,0
2025-07-10 13:06:35,0,0
2025-07-10 13:06:35,0,0
2025-07-10 13:06:35,0,0
2025-07-10 13:06:35,0,0
2025-07-10 13:06:35,0,0
2025-07-10 13:06:35,0,0
2025-07-10 13:06:35,0,0
2025-07-10 13:06:35,0,0
2025-07-10 13:06:36,0,0
2025-07-10 13:06:36,0,0
2025-07-10 13:06:36,0,0
2025-07-10 13:06:36,0,0
2025-07-10 13:06:36,0,0
2025-07-10 13:06:36,0,0
2025-07-10 13:06:36,0,0
2025-07-10 13:06:36,0,0
2025-07-10 13:06:36,0,0
2025-07-10 13:06:36,0,0
2025-07-10 13:06:37,0,0
2025-07-10 13:06:37,0,0
2025-07-10 13:06:37,0,0
2025-07-10 13:06:37,0,0
2025-07-10 13:06:37,0,0
2025-07-10 13:06:37,0,0
2025-07-10 13:06:37,0,0
2025-07-10 13:06:37,0,0
2025-07-10 13:06:37,0,0
2025-07-10 13:06:37,0,0
2025-07-10 13:06:38,0,0
2025-07-10 13:06:38,0,0
2025-07-10 13:06:38,0,0
2025-07-10 13:06:38,0,0
2025-07-10 13:06:38,0,0
2025-07-10 13:06:38,0,0
2025-07-10 13:06:38,0,0
2025-07-10 13:06:38,0,0
2025-07-10 13:06:38,0,0
2025-07-10 13:06:38,0,0
2025-07-10 13:06:39,0,0
2025-07-10 13:06:39,0,0
2025-07-10 13:06:39,0,0
2025-07-10 13:06:39,0,0
2025-07-10 13:06:39,0,0
2025-07-10 13:06:39,0,0
2025-07-10 13:06:39,0,0
2025-07-10 13:06:39,0,0
2025-07-10 13:06:39,0,0
2025-07-10 13:06:39,0,0
2025-07-10 13:06:40,0,0
2025-07-10 13:06:40,0,0
2025-07-10 13:06:40,0,0
2025-07-10 13:06:40,0,0
2025-07-10 13:06:40,0,0
2025-07-10 13:06:40,0,0
2025-07-10 13:06:40,0,0
2025-07-10 13:06:40,0,0
2025-07-10 13:06:40,0,0
2025-07-10 13:06:40,0,0
2025-07-10 13:06:41,0,0
2025-07-10 13:06:41,0,0
2025-07-10 13:06:41,0,0
2025-07-10 13:06:41,0,0
2025-07-10 13:06:41,0,0
2025-07-10 13:06:41,0,0
2025-07-10 13:06:41,0,0
2025-07-10 13:06:41,0,0
2025-07-10 13:06:41,0,0
2025-07-10 13:06:41,0,0
2025-07-10 13:06:42,0,0
2025-07-10 13:06:42,0,0
2025-07-10 13:06:42,0,0
2025-07-10 13:06:42,0,0
2025-07-10 13:06:42,0,0
2025-07-10 13:06:42,0,0
2025-07-10 13:06:42,0,0
2025-07-10 13:06:42,0,0
2025-07-10 13:06:42,0,0
2025-07-10 13:06:43,0,0
2025-07-10 13:06:43,0,0
2025-07-10 13:06:43,0,0
2025-07-10 13:06:43,0,0
2025-07-10 13:06:43,0,0
2025-07-10 13:06:43,0,0
2025-07-10 13:06:43,0,0
2025-07-10 13:06:43,0,0
2025-07-10 13:06:43,0,0
2025-07-10 13:06:43,0,0
2025-07-10 13:06:44,0,0
2025-07-10 13:06:44,0,0
2025-07-10 13:06:44,0,0
2025-07-10 13:06:44,0,0
2025-07-10 13:06:44,0,0
2025-07-10 13:06:44,0,0
2025-07-10 13:06:44,0,0
2025-07-10 13:06:44,0,0
2025-07-10 13:06:44,0,0
2025-07-10 13:06:44,0,0
2025-07-10 13:06:45,0,0
2025-07-10 13:06:45,0,0
2025-07-10 13:06:45,0,0
2025-07-10 13:06:45,0,0
2025-07-10 13:06:45,0,0
2025-07-10 13:06:45,0,0
2025-07-10 13:06:45,0,0
2025-07-10 13:06:45,0,0
2025-07-10 13:06:45,0,0
2025-07-10 13:06:45,0,0
2025-07-10 13:06:46,0,0
2025-07-10 13:06:46,0,0
2025-07-10 13:06:46,0,0
2025-07-10 13:06:46,0,0
2025-07-10 13:06:46,0,0
2025-07-10 13:06:46,0,0
2025-07-10 13:06:46,0,0
2025-07-10 13:06:46,0,0
2025-07-10 13:06:46,0,0
2025-07-10 13:06:46,0,0
2025-07-10 13:06:47,0,0
2025-07-10 13:06:47,0,0
2025-07-10 13:06:47,0,0
2025-07-10 13:06:47,0,0
2025-07-10 13:06:47,0,0
2025-07-10 13:06:47,0,0
2025-07-10 13:06:47,0,0
2025-07-10 13:06:47,0,0
2025-07-10 13:06:47,0,0
2025-07-10 13:06:47,0,0
2025-07-10 13:06:48,0,0
2025-07-10 13:06:48,0,0
2025-07-10 13:06:48,0,0
2025-07-10 13:06:48,0,0
2025-07-10 13:06:48,0,0
2025-07-10 13:06:48,0,0
2025-07-10 13:06:48,0,0
2025-07-10 13:06:48,0,0
2025-07-10 13:06:48,0,0
2025-07-10 13:06:48,0,0
2025-07-10 13:06:49,0,0
2025-07-10 13:06:49,0,0
2025-07-10 13:06:49,0,0
2025-07-10 13:06:49,0,0
2025-07-10 13:06:49,0,0
2025-07-10 13:06:49,0,0
2025-07-10 13:06:49,0,0
2025-07-10 13:06:49,0,0
2025-07-10 13:06:49,0,0
2025-07-10 13:06:49,0,0
2025-07-10 13:06:50,0,0
2025-07-10 13:06:50,0,0
2025-07-10 13:06:50,0,0
2025-07-10 13:06:50,0,0
2025-07-10 13:06:50,0,0
2025-07-10 13:06:50,0,0
2025-07-10 13:06:50,0,0
2025-07-10 13:06:50,0,0
2025-07-10 13:06:50,0,0
2025-07-10 13:06:50,0,0
2025-07-10 13:06:51,0,0
2025-07-10 13:06:51,0,0
2025-07-10 13:06:51,0,0
2025-07-10 13:06:51,0,0
2025-07-10 13:06:51,0,0
2025-07-10 13:06:51,0,0
2025-07-10 13:06:51,0,0
2025-07-10 13:06:51,0,0
2025-07-10 13:06:51,0,0
2025-07-10 13:06:51,0,0
2025-07-10 13:06:52,0,0
2025-07-10 13:06:52,0,0
2025-07-10 13:06:52,0,0
2025-07-10 13:06:52,0,0
2025-07-10 13:06:52,0,0
2025-07-10 13:06:52,0,0
2025-07-10 13:06:52,0,0
2025-07-10 13:06:52,0,0
2025-07-10 13:06:52,0,0
2025-07-10 13:06:52,0,0
2025-07-10 13:06:53,0,0
2025-07-10 13:06:53,0,0
2025-07-10 13:06:53,0,0
2025-07-10 13:06:53,0,0
2025-07-10 13:06:53,0,0
2025-07-10 13:06:53,0,0
2025-07-10 13:06:53,0,0
2025-07-10 13:06:53,0,0
2025-07-10 13:06:53,0,0
2025-07-10 13:06:53,0,0
2025-07-10 13:06:54,0,0
2025-07-10 13:06:54,0,0
2025-07-10 13:06:54,0,0
2025-07-10 13:06:54,0,0
2025-07-10 13:06:54,0,0
2025-07-10 13:06:54,0,0
2025-07-10 13:06:54,0,0
2025-07-10 13:06:54,0,0
2025-07-10 13:06:54,0,0
2025-07-10 13:06:54,0,0
2025-07-10 13:06:55,0,0
2025-07-10 13:06:55,0,0
2025-07-10 13:06:55,0,0
2025-07-10 13:06:55,0,0
2025-07-10 13:06:55,0,0
2025-07-10 13:06:55,0,0
2025-07-10 13:06:55,0,0
2025-07-10 13:06:55,0,0
2025-07-10 13:06:55,0,0
2025-07-10 13:06:55,0,0
2025-07-10 13:06:56,0,0
2025-07-10 13:06:56,0,0
2025-07-10 13:06:56,0,0
2025-07-10 13:06:56,0,0
2025-07-10 13:06:56,0,0
2025-07-10 13:06:56,0,0
2025-07-10 13:06:56,0,0
2025-07-10 13:06:56,0,0
2025-07-10 13:06:56,0,0
2025-07-10 13:06:56,0,0
2025-07-10 13:06:57,0,0
2025-07-10 13:06:57,0,0
2025-07-10 13:06:57,0,0
2025-07-10 13:06:57,0,0
2025-07-10 13:06:57,0,0
2025-07-10 13:06:57,0,0
2025-07-10 13:06:57,0,0
2025-07-10 13:06:57,0,0
2025-07-10 13:06:57,0,0
2025-07-10 13:06:57,0,0
2025-07-10 13:06:58,0,0
2025-07-10 13:06:58,0,0
2025-07-10 13:06:58,0,0
2025-07-10 13:06:58,0,0
2025-07-10 13:06:58,0,0
2025-07-10 13:06:58,0,0
2025-07-10 13:06:58,0,0
2025-07-10 13:06:58,0,0
2025-07-10 13:06:58,0,0
2025-07-10 13:06:58,0,0
2025-07-10 13:06:59,0,0
2025-07-10 13:06:59,0,0
2025-07-10 13:06:59,0,0
2025-07-10 13:06:59,0,0
2025-07-10 13:06:59,0,0
2025-07-10 13:06:59,0,0
2025-07-10 13:06:59,0,0
2025-07-10 13:06:59,0,0
2025-07-10 13:06:59,0,0
2025-07-10 13:06:59,0,0
2025-07-10 13:07:00,0,0
2025-07-10 13:07:00,0,0
2025-07-10 13:07:00,0,0
2025-07-10 13:07:00,0,0
2025-07-10 13:07:00,0,0
2025-07-10 13:07:00,0,0
2025-07-10 13:07:00,0,0
2025-07-10 13:07:00,0,0
2025-07-10 13:07:00,0,0
2025-07-10 13:07:00,0,0
2025-07-10 13:07:01,0,0
2025-07-10 13:07:01,0,0
2025-07-10 13:07:01,0,0
2025-07-10 13:07:01,0,0
2025-07-10 13:07:01,0,0
2025-07-10 13:07:01,0,0
2025-07-10 13:07:01,0,0
2025-07-10 13:07:01,0,0
2025-07-10 13:07:01,0,0
2025-07-10 13:07:01,0,0
2025-07-10 13:07:02,0,0
2025-07-10 13:07:02,0,0
2025-07-10 13:07:02,0,0
2025-07-10 13:07:02,0,0
2025-07-10 13:07:02,0,0
2025-07-10 13:07:02,0,0
2025-07-10 13:07:02,0,0
2025-07-10 13:07:02,0,0
2025-07-10 13:07:02,0,0
2025-07-10 13:07:02,0,0
2025-07-10 13:07:03,0,0
2025-07-10 13:07:03,0,0
2025-07-10 13:07:03,0,0
2025-07-10 13:07:03,0,0
2025-07-10 13:07:03,0,0
2025-07-10 13:07:03,0,0
2025-07-10 13:07:03,0,0
2025-07-10 13:07:03,0,0
2025-07-10 13:07:03,0,0
2025-07-10 13:07:04,0,0
2025-07-10 13:07:04,0,0
2025-07-10 13:07:04,0,0
2025-07-10 13:07:04,0,0
2025-07-10 13:07:04,0,0
2025-07-10 13:07:04,0,0
2025-07-10 13:07:04,0,0
2025-07-10 13:07:04,0,0
2025-07-10 13:07:04,0,0
2025-07-10 13:07:04,0,0
2025-07-10 13:07:05,0,0
2025-07-10 13:07:05,0,0
2025-07-10 13:07:05,0,0
2025-07-10 13:07:05,0,0
2025-07-10 13:07:05,0,0
2025-07-10 13:07:05,0,0
2025-07-10 13:07:05,0,0
2025-07-10 13:07:05,0,0
2025-07-10 13:07:05,0,0
2025-07-10 13:07:05,0,0
2025-07-10 13:07:06,0,0
2025-07-10 13:07:06,0,0
2025-07-10 13:07:06,0,0
2025-07-10 13:07:06,0,0
2025-07-10 13:07:06,0,0
2025-07-10 13:07:06,0,0
2025-07-10 13:07:06,0,0
2025-07-10 13:07:06,0,0
2025-07-10 13:07:06,0,0
2025-07-10 13:07:06,0,0
2025-07-10 13:07:07,0,0
2025-07-10 13:07:07,0,0
2025-07-10 13:07:07,0,0
2025-07-10 13:07:07,0,0
2025-07-10 13:07:07,0,0
2025-07-10 13:07:07,0,0
2025-07-10 13:07:07,0,0
2025-07-10 13:07:07,0,0
2025-07-10 13:07:07,0,0
2025-07-10 13:07:07,0,0
2025-07-10 13:07:08,0,0
2025-07-10 13:07:08,0,0
2025-07-10 13:07:08,0,0
2025-07-10 13:07:08,0,0
2025-07-10 13:07:08,0,0
2025-07-10 13:07:08,0,0
2025-07-10 13:07:08,0,0
2025-07-10 13:07:08,0,0
2025-07-10 13:07:08,0,0
2025-07-10 13:07:08,0,0
2025-07-10 13:07:09,0,0
2025-07-10 13:07:09,0,0
2025-07-10 13:07:09,0,0
2025-07-10 13:07:09,0,0
2025-07-10 13:07:09,0,0
2025-07-10 13:07:09,0,0
2025-07-10 13:07:09,0,0
2025-07-10 13:07:09,0,0
2025-07-10 13:07:09,0,0
2025-07-10 13:07:09,0,0
2025-07-10 13:07:10,0,0
2025-07-10 13:07:10,0,0
2025-07-10 13:07:10,0,0
2025-07-10 13:07:10,0,0
2025-07-10 13:07:10,0,0
2025-07-10 13:07:10,0,0
2025-07-10 13:07:10,0,0
2025-07-10 13:07:10,0,0
2025-07-10 13:07:10,0,0
2025-07-10 13:07:10,0,0
2025-07-10 13:07:11,0,0
2025-07-10 13:07:11,0,0
2025-07-10 13:07:11,0,0
2025-07-10 13:07:11,0,0
2025-07-10 13:07:11,0,0
2025-07-10 13:07:11,0,0
2025-07-10 13:07:11,0,0
2025-07-10 13:07:11,0,0
2025-07-10 13:07:11,0,0
2025-07-10 13:07:11,0,0
2025-07-10 13:07:12,0,0
2025-07-10 13:07:12,0,0
2025-07-10 13:07:12,0,0
2025-07-10 13:07:12,0,0
2025-07-10 13:07:12,0,0
2025-07-10 13:07:12,0,0
2025-07-10 13:07:12,0,0
2025-07-10 13:07:12,0,0
2025-07-10 13:07:12,0,0
2025-07-10 13:07:12,0,0
2025-07-10 13:07:13,0,0
2025-07-10 13:07:13,0,0
2025-07-10 13:07:13,0,0
2025-07-10 13:07:13,0,0
2025-07-10 13:07:13,0,0
2025-07-10 13:07:13,0,0
2025-07-10 13:07:13,0,0
2025-07-10 13:07:13,0,0
2025-07-10 13:07:13,0,0
2025-07-10 13:07:13,0,0
2025-07-10 13:07:14,0,0
2025-07-10 13:07:14,0,0
2025-07-10 13:07:14,0,0
2025-07-10 13:07:14,0,0
2025-07-10 13:07:14,0,0
2025-07-10 13:07:14,0,0
2025-07-10 13:07:14,0,0
2025-07-10 13:07:14,0,0
2025-07-10 13:07:14,0,0
2025-07-10 13:07:14,0,0
2025-07-10 13:07:15,0,0
2025-07-10 13:07:15,0,0
2025-07-10 13:07:15,0,0
2025-07-10 13:07:15,0,0
2025-07-10 13:07:15,0,0
2025-07-10 13:07:15,0,0
2025-07-10 13:07:15,0,0
2025-07-10 13:07:15,0,0
2025-07-10 13:07:15,0,0
2025-07-10 13:07:15,0,0
2025-07-10 13:07:16,0,0
2025-07-10 13:07:16,0,0
2025-07-10 13:07:16,0,0
2025-07-10 13:07:16,0,0
2025-07-10 13:07:16,0,0
2025-07-10 13:07:16,0,0
2025-07-10 13:07:16,0,0
2025-07-10 13:07:16,0,0
2025-07-10 13:07:16,0,0
2025-07-10 13:07:16,0,0
2025-07-10 13:07:17,0,0
2025-07-10 13:07:17,0,0
2025-07-10 13:07:17,0,0
2025-07-10 13:07:17,0,0
2025-07-10 13:07:17,0,0
2025-07-10 13:07:17,0,0
2025-07-10 13:07:17,0,0
2025-07-10 13:07:17,0,0
2025-07-10 13:07:17,0,0
2025-07-10 13:07:17,0,0
2025-07-10 13:07:18,0,0
2025-07-10 13:07:18,0,0
2025-07-10 13:07:18,0,0
2025-07-10 13:07:18,0,0
2025-07-10 13:07:18,0,0
2025-07-10 13:07:18,0,0
2025-07-10 13:07:18,0,0
2025-07-10 13:07:18,0,0
2025-07-10 13:07:18,0,0
2025-07-10 13:07:18,0,0
2025-07-10 13:07:19,0,0
2025-07-10 13:07:19,0,0
2025-07-10 13:07:19,0,0
2025-07-10 13:07:19,0,0
2025-07-10 13:07:19,0,0
2025-07-10 13:07:19,0,0
2025-07-10 13:07:19,0,0
2025-07-10 13:07:19,0,0
2025-07-10 13:07:19,0,0
2025-07-10 13:07:19,0,0
2025-07-10 13:07:20,0,0
2025-07-10 13:07:20,0,0
2025-07-10 13:07:20,0,0
2025-07-10 13:07:20,0,0
2025-07-10 13:07:20,0,0
2025-07-10 13:07:20,0,0
2025-07-10 13:07:20,0,0
2025-07-10 13:07:20,0,0
2025-07-10 13:07:20,0,0
2025-07-10 13:07:20,0,0
2025-07-10 13:07:21,0,0
2025-07-10 13:07:21,0,0
2025-07-10 13:07:21,0,0
2025-07-10 13:07:21,0,0
2025-07-10 13:07:21,0,0
2025-07-10 13:07:21,0,0
2025-07-10 13:07:21,0,0
2025-07-10 13:07:21,0,0
2025-07-10 13:07:21,0,0
2025-07-10 13:07:21,0,0
2025-07-10 13:07:22,0,0
2025-07-10 13:07:22,0,0
2025-07-10 13:07:22,0,0
2025-07-10 13:07:22,0,0
2025-07-10 13:07:22,0,0
2025-07-10 13:07:22,0,0
2025-07-10 13:07:22,0,0
2025-07-10 13:07:22,0,0
2025-07-10 13:07:22,0,0
2025-07-10 13:07:22,0,0
2025-07-10 13:07:23,0,0
2025-07-10 13:07:23,0,0
2025-07-10 13:07:23,0,0
2025-07-10 13:07:23,0,0
2025-07-10 13:07:23,0,0
2025-07-10 13:07:23,0,0
2025-07-10 13:07:23,0,0
2025-07-10 13:07:23,0,0
2025-07-10 13:07:23,0,0
2025-07-10 13:07:23,0,0
2025-07-10 13:07:24,0,0
2025-07-10 13:07:24,0,0
2025-07-10 13:07:24,0,0
2025-07-10 13:07:24,0,0
2025-07-10 13:07:24,0,0
2025-07-10 13:07:24,0,0
2025-07-10 13:07:24,0,0
2025-07-10 13:07:24,0,0
2025-07-10 13:07:24,0,0
2025-07-10 13:07:24,0,0
2025-07-10 13:07:25,0,0
2025-07-10 13:07:25,0,0
2025-07-10 13:07:25,0,0
2025-07-10 13:07:25,0,0
2025-07-10 13:07:25,0,0
2025-07-10 13:07:25,0,0
2025-07-10 13:07:25,0,0
2025-07-10 13:07:25,0,0
2025-07-10 13:07:25,0,0
2025-07-10 13:07:26,0,0
2025-07-10 13:07:26,0,0
2025-07-10 13:07:26,0,0
2025-07-10 13:07:26,0,0
2025-07-10 13:07:26,0,0
2025-07-10 13:07:26,0,0
2025-07-10 13:07:26,0,0
2025-07-10 13:07:26,0,0
2025-07-10 13:07:26,0,0
2025-07-10 13:07:26,0,0
2025-07-10 13:07:26,0,0
2025-07-10 13:07:27,0,0
2025-07-10 13:07:27,0,0
2025-07-10 13:07:27,0,0
2025-07-10 13:07:27,0,0
2025-07-10 13:07:27,0,0
2025-07-10 13:07:27,0,0
2025-07-10 13:07:27,0,0
2025-07-10 13:07:27,0,0
2025-07-10 13:07:27,0,0
2025-07-10 13:07:28,0,0
2025-07-10 13:07:28,0,0
2025-07-10 13:07:28,0,0
2025-07-10 13:07:28,0,0
2025-07-10 13:07:28,0,0
2025-07-10 13:07:28,0,0
2025-07-10 13:07:28,0,0
2025-07-10 13:07:28,0,0
2025-07-10 13:07:28,0,0
2025-07-10 13:07:28,0,0
2025-07-10 13:07:29,0,0
2025-07-10 13:07:29,0,0
2025-07-10 13:07:29,0,0
2025-07-10 13:07:29,0,0
2025-07-10 13:07:29,0,0
2025-07-10 13:07:29,0,0
2025-07-10 13:07:29,0,0
2025-07-10 13:07:29,0,0
2025-07-10 13:07:29,0,0
2025-07-10 13:07:29,0,0
2025-07-10 13:07:30,0,0
2025-07-10 13:07:30,0,0
2025-07-10 13:07:30,0,0
2025-07-10 13:07:30,0,0
2025-07-10 13:07:30,0,0
2025-07-10 13:07:30,0,0
2025-07-10 13:07:30,0,0
2025-07-10 13:07:30,0,0
2025-07-10 13:07:30,0,0
2025-07-10 13:07:30,0,0
2025-07-10 13:07:31,0,0
2025-07-10 13:07:31,0,0
2025-07-10 13:07:31,0,0
2025-07-10 13:07:31,0,0
2025-07-10 13:07:31,0,0
2025-07-10 13:07:31,0,0
2025-07-10 13:07:31,0,0
2025-07-10 13:07:31,0,0
2025-07-10 13:07:31,0,0
2025-07-10 13:07:31,0,0
2025-07-10 13:07:32,0,0
2025-07-10 13:07:32,0,0
2025-07-10 13:07:32,0,0
2025-07-10 13:07:32,0,0
2025-07-10 13:07:32,0,0
2025-07-10 13:07:32,0,0
2025-07-10 13:07:32,0,0
2025-07-10 13:07:32,0,0
2025-07-10 13:07:32,0,0
2025-07-10 13:07:32,0,0
2025-07-10 13:07:33,0,0
2025-07-10 13:07:33,0,0
2025-07-10 13:07:33,0,0
2025-07-10 13:07:33,0,0
2025-07-10 13:07:33,0,0
2025-07-10 13:07:33,0,0
2025-07-10 13:07:33,0,0
2025-07-10 13:07:33,0,0
2025-07-10 13:07:33,0,0
2025-07-10 13:07:33,0,0
2025-07-10 13:07:34,0,0
2025-07-10 13:07:34,0,0
2025-07-10 13:07:34,0,0
2025-07-10 13:07:34,0,0
2025-07-10 13:07:34,0,0
2025-07-10 13:07:34,0,0
2025-07-10 13:07:34,0,0
2025-07-10 13:07:34,0,0
2025-07-10 13:07:34,0,0
2025-07-10 13:07:34,0,0
2025-07-10 13:07:35,0,0
2025-07-10 13:07:35,0,0
2025-07-10 13:07:35,0,0
2025-07-10 13:07:35,0,0
2025-07-10 13:07:35,0,0
2025-07-10 13:07:35,0,0
2025-07-10 13:07:35,0,0
2025-07-10 13:07:35,0,0
2025-07-10 13:07:35,0,0
2025-07-10 13:07:35,0,0
2025-07-10 13:07:36,0,0
2025-07-10 13:07:36,0,0
2025-07-10 13:07:36,0,0
2025-07-10 13:07:36,0,0
2025-07-10 13:07:36,0,0
2025-07-10 13:07:36,0,0
2025-07-10 13:07:36,0,0
2025-07-10 13:07:36,0,0
2025-07-10 13:07:36,0,0
2025-07-10 13:07:36,0,0
2025-07-10 13:07:37,0,0
2025-07-10 13:07:37,0,0
2025-07-10 13:07:37,0,0
2025-07-10 13:07:37,0,0
2025-07-10 13:07:37,0,0
2025-07-10 13:07:37,0,0
2025-07-10 13:07:37,0,0
2025-07-10 13:07:37,0,0
2025-07-10 13:07:37,0,0
2025-07-10 13:07:37,0,0
2025-07-10 13:07:38,0,0
2025-07-10 13:07:38,0,0
2025-07-10 13:07:38,0,0
2025-07-10 13:07:38,0,0
2025-07-10 13:07:38,0,0
2025-07-10 13:07:38,0,0
2025-07-10 13:07:38,0,0
2025-07-10 13:07:38,0,0
2025-07-10 13:07:38,0,0
2025-07-10 13:07:38,0,0
2025-07-10 13:07:39,0,0
2025-07-10 13:07:39,0,0
2025-07-10 13:07:39,0,0
2025-07-10 13:07:39,0,0
2025-07-10 13:07:39,0,0
2025-07-10 13:07:39,0,0
2025-07-10 13:07:39,0,0
2025-07-10 13:07:39,0,0
2025-07-10 13:07:39,0,0
2025-07-10 13:07:39,0,0
2025-07-10 13:07:40,0,0
2025-07-10 13:07:40,0,0
2025-07-10 13:07:40,0,0
2025-07-10 13:07:40,0,0
2025-07-10 13:07:40,0,0
2025-07-10 13:07:40,0,0
2025-07-10 13:07:40,0,0
